<?xml version="1.0" encoding="utf-8" standalone="yes"?>
<rss version="2.0" xmlns:atom="http://www.w3.org/2005/Atom">
  <channel>
    <title>La boutique | Au Beau Jeu on Au Beau Jeu | Boutique &amp; bar à jeux, Lille</title>
    <link>https://aubeaujeu.com/boutique/</link>
    <description>Recent content in La boutique | Au Beau Jeu on Au Beau Jeu | Boutique &amp; bar à jeux, Lille</description>
    <generator>Hugo -- gohugo.io</generator>
    <language>fr-FR</language>
    <lastBuildDate>Fri, 04 Jun 2021 12:00:00 +0000</lastBuildDate><atom:link href="https://aubeaujeu.com/boutique/index.xml" rel="self" type="application/rss+xml" />
    <item>
      <title>Réouverture du bar à jeux le 9 Juin</title>
      <link>https://aubeaujeu.com/boutique/reouverture_bar_a_jeux_reservations_ouvertes/</link>
      <pubDate>Fri, 04 Jun 2021 12:00:00 +0000</pubDate>
      
      <guid>https://aubeaujeu.com/boutique/reouverture_bar_a_jeux_reservations_ouvertes/</guid>
      <description>[Réouverture du bar à jeux] Après plus de 8 mois de fermeture, nous pourrons vous accueillir à nouveau dans notre bar à jeux dès le Mercredi 9 Juin !</description>
    </item>
    
    <item>
      <title>Beez</title>
      <link>https://aubeaujeu.com/boutique/beez/</link>
      <pubDate>Fri, 29 Jan 2021 12:00:00 +0000</pubDate>
      
      <guid>https://aubeaujeu.com/boutique/beez/</guid>
      <description>👥 2 à 4 joueurs ⏳ 30 à 45min la partie 🎂 Dès 8 ans 🎲 Dispo en boutique et dans le bar à jeux Vous aussi, vous en avez marre de cet hiver lonnng et confiné ?</description>
    </item>
    
    <item>
      <title>Calico</title>
      <link>https://aubeaujeu.com/boutique/calico/</link>
      <pubDate>Thu, 21 Jan 2021 12:00:00 +0000</pubDate>
      
      <guid>https://aubeaujeu.com/boutique/calico/</guid>
      <description>Calico : À nous de coudre la plus belle couverture pour attirer tous ces petits chats ! 🐾 👥 1 à 4 joueurs ⏳ 30 à 45min la partie 🎂 Dès 10 ans 🎲 Dispo en boutique et dans le bar à jeux Vous aussi vous êtes #TeamChats ?</description>
    </item>
    
    <item>
      <title>Harry Potter Bataille à Poudlard : Défense contre les forces du mal  </title>
      <link>https://aubeaujeu.com/boutique/harry_potter_bataille_a_poudlard_defense_contre_les_forces_du_mal/</link>
      <pubDate>Tue, 19 Jan 2021 12:00:00 +0000</pubDate>
      
      <guid>https://aubeaujeu.com/boutique/harry_potter_bataille_a_poudlard_defense_contre_les_forces_du_mal/</guid>
      <description>Harry Potter : Défense contre les forces du mal : Le coup de coeur de Steeves en 2020 (en jeu 2 joueurs) ! 👥 2 joueurs ⏳ 30 à 60min la partie 🎂 Dès 11 ans 🎲 Dispo en boutique et dans le bar à jeux Vous rêvez de vous rendre à Poudlard pour y étudier ?</description>
    </item>
    
    <item>
      <title>Unicorn Fever : en avant les licornes !</title>
      <link>https://aubeaujeu.com/boutique/unicorn_fever/</link>
      <pubDate>Fri, 25 Dec 2020 12:00:00 +0000</pubDate>
      
      <guid>https://aubeaujeu.com/boutique/unicorn_fever/</guid>
      <description>Unicorn Fever : Parier sur les meilleures licornes 🦄 👥 2 à 6 joueurs ⏳ 30 à 60min la partie 🎂 Dès 10 ans 🎲 dispo en boutique et dans le bar à jeux Quel est le principe du jeu ?</description>
    </item>
    
    <item>
      <title>Zombie Kidz Evolution</title>
      <link>https://aubeaujeu.com/boutique/zombie_kidz_evolution/</link>
      <pubDate>Fri, 27 Nov 2020 12:00:00 +0000</pubDate>
      
      <guid>https://aubeaujeu.com/boutique/zombie_kidz_evolution/</guid>
      <description>Zombie Kidz Evolution, notre jeu préféré pour les enfants dès 7 ans 👥 2 à 4 joueurs ⏳ 25min la partie 🎂 Dès 7 ans 🎲 dispo en boutique Zombie Kidz Evolution est sorti il y a plus d&amp;rsquo;un an déjà, mais nous n&amp;rsquo;avions pas eu l&amp;rsquo;occasion de vous en parler.</description>
    </item>
    
    <item>
      <title>Les Petites Bourgades : Tetris ton village </title>
      <link>https://aubeaujeu.com/boutique/les_petites_bourgades/</link>
      <pubDate>Tue, 24 Nov 2020 12:00:00 +0000</pubDate>
      
      <guid>https://aubeaujeu.com/boutique/les_petites_bourgades/</guid>
      <description>Les Petites Bourgades : Tetris ton village 🏣 Les Petites Bourgades, c&amp;rsquo;est un jeu de société qu&amp;rsquo;on a découvert au FIJ à Cannes cette année, mais on ne vous l&amp;rsquo;avez pas encore présenté !</description>
    </item>
    
    <item>
      <title>New York Zoo : Construis ton parc animalier </title>
      <link>https://aubeaujeu.com/boutique/ny_zoo/</link>
      <pubDate>Wed, 18 Nov 2020 12:00:00 +0000</pubDate>
      
      <guid>https://aubeaujeu.com/boutique/ny_zoo/</guid>
      <description>New York zoo : Construis ton parc animalier 🐧 👥 1 à 5 joueurs ⏳ 30 à 60min la partie 🎂 Dès 8 ans 🎲 dispo en boutique et dans le bar à jeux Quel est le principe du jeu ?</description>
    </item>
    
    <item>
      <title>Schotten Totten 2 en avant première !</title>
      <link>https://aubeaujeu.com/boutique/schotten_totten_2/</link>
      <pubDate>Fri, 13 Nov 2020 12:00:00 +0000</pubDate>
      
      <guid>https://aubeaujeu.com/boutique/schotten_totten_2/</guid>
      <description>Schotten Totten, le deuxième opus, arrive enfin ! 👥 2 joueurs ⏳ 20min la partie 🎂 Dès 8 ans 🎲 Sortie le 20 novembre en boutique - dispo dans le bar à jeux Près de 20 ans après la sortie de son grand frère, le petit dernier de la famille vient de voir le jour !</description>
    </item>
    
    <item>
      <title>Azul Pavillon d’été est de retour !</title>
      <link>https://aubeaujeu.com/boutique/azul_pavillon_ete/</link>
      <pubDate>Thu, 10 Sep 2020 12:00:00 +0000</pubDate>
      
      <guid>https://aubeaujeu.com/boutique/azul_pavillon_ete/</guid>
      <description>Azul Pavillon d’été est de retour ! 👥 De 2 à 4 joueurs ⏳ 30min à 1h la partie 🎂 Dès 8 ans 🎲 Dispo en boutique et dans le bar à jeux Après plusieurs mois en rupture de stock, Azul Pavillon d&amp;rsquo;été, le 3ème opus de la série de jeux Azul, est enfin de retour en stock !</description>
    </item>
    
    <item>
      <title>Unlock Star Wars</title>
      <link>https://aubeaujeu.com/boutique/unlock_sw/</link>
      <pubDate>Mon, 31 Aug 2020 12:00:00 +0000</pubDate>
      
      <guid>https://aubeaujeu.com/boutique/unlock_sw/</guid>
      <description>Nous avons enfin pu finir les 3 scénarii du nouvel Unlock ! 👥 De 2 à 6 joueurs ⏳ 1h à 1h30 la partie 🎂 Dès 10 ans 🎲 Dispo en boutique et dans le bar à jeux Teasé rapidement à Cannes lors du Festival International des Jeux, ce partenariat pour le moins inattendu offre trois scénarios inédits sur le thème de la guerre des étoiles.</description>
    </item>
    
    <item>
      <title>Papillon</title>
      <link>https://aubeaujeu.com/boutique/papillon/</link>
      <pubDate>Fri, 10 Jul 2020 12:00:00 +0000</pubDate>
      
      <guid>https://aubeaujeu.com/boutique/papillon/</guid>
      <description>Envie d&amp;rsquo;évasion ? Le magnifique Papillon saura vous transportez dans ses champs de fleurs 🌼 👥 De 2 à 4 joueurs ⏳ 30min à 45min la partie 🎂 Dès 14 ans 🎲 Dispo en boutique et dans le bar à jeux Papillons, on ne s’en lasse pas depuis qu’on l’a découvert à Cannes cette année.</description>
    </item>
    
  </channel>
</rss>
