<?xml version="1.0" encoding="utf-8" standalone="yes"?>
<rss version="2.0" xmlns:atom="http://www.w3.org/2005/Atom">
  <channel>
    <title>Le bar à jeux | Au Beau Jeu on Au Beau Jeu | Boutique &amp; bar à jeux, Lille</title>
    <link>https://aubeaujeu.com/barajeux/</link>
    <description>Recent content in Le bar à jeux | Au Beau Jeu on Au Beau Jeu | Boutique &amp; bar à jeux, Lille</description>
    <generator>Hugo -- gohugo.io</generator>
    <language>fr-FR</language>
    <lastBuildDate>Mon, 23 Dec 2019 16:48:28 +0600</lastBuildDate><atom:link href="https://aubeaujeu.com/barajeux/index.xml" rel="self" type="application/rss+xml" />
  </channel>
</rss>
