<?xml version="1.0" encoding="utf-8" standalone="yes"?>
<rss version="2.0" xmlns:atom="http://www.w3.org/2005/Atom">
  <channel>
    <title>Les événements | Au Beau Jeu on Au Beau Jeu | Boutique &amp; bar à jeux, Lille</title>
    <link>https://aubeaujeu.com/evenements/</link>
    <description>Recent content in Les événements | Au Beau Jeu on Au Beau Jeu | Boutique &amp; bar à jeux, Lille</description>
    <generator>Hugo -- gohugo.io</generator>
    <language>fr-FR</language><atom:link href="https://aubeaujeu.com/evenements/index.xml" rel="self" type="application/rss+xml" />
    <item>
      <title>Club Pokémon - Tournoi TCGO</title>
      <link>https://aubeaujeu.com/evenements/pokemon_club_10062021/</link>
      <pubDate>Mon, 01 Jan 0001 00:00:00 +0000</pubDate>
      
      <guid>https://aubeaujeu.com/evenements/pokemon_club_10062021/</guid>
      <description>Dresseurs, il est temps de retourner dans l&amp;rsquo;arène ! Ca y est, c&amp;rsquo;est le retour du club Pokemon sur place !
C&amp;rsquo;est l&amp;rsquo;occasion de venir enfin jouer les derniers decks, et de faire plein d&amp;rsquo;échange !</description>
    </item>
    
    <item>
      <title>Tournoi Remote Duel OTS 13</title>
      <link>https://aubeaujeu.com/evenements/yugioh_jeu_libre_12062021/</link>
      <pubDate>Mon, 01 Jan 0001 00:00:00 +0000</pubDate>
      
      <guid>https://aubeaujeu.com/evenements/yugioh_jeu_libre_12062021/</guid>
      <description>En attendant le retour des tournois, vous pouvez faire des parties libres ! Les tournois Yu-Gi-Oh! sont toujours interdits par Konami&amp;hellip; Mais ça devrait reprendre en Juillet !</description>
    </item>
    
  </channel>
</rss>
