<?xml version="1.0" encoding="utf-8" standalone="yes"?>
<rss version="2.0" xmlns:atom="http://www.w3.org/2005/Atom">
  <channel>
    <title>Categories on Au Beau Jeu | Boutique &amp; bar à jeux, Lille</title>
    <link>https://aubeaujeu.com/categories/</link>
    <description>Recent content in Categories on Au Beau Jeu | Boutique &amp; bar à jeux, Lille</description>
    <generator>Hugo -- gohugo.io</generator>
    <language>fr-FR</language><atom:link href="https://aubeaujeu.com/categories/index.xml" rel="self" type="application/rss+xml" />
  </channel>
</rss>
